,net
0,"(2, 3, 2, 3, 2, 3)"
1,"(3, 1, 1, 2, 1, 2)"
6,"(2, 1, 1, 3, 2, 3)"
7,"(3, 1, 2, 3, 2, 3)"
8,"(1, 3, 2, 2, 3, 1)"
9,"(3, 0, 1, 0, 3, 3)"
12,"(3, 1, 1, 2, 2, 3)"
17,"(2, 1, 0, 2, 3, 3)"
19,"(3, 3, 2, 0, 3, 3)"
20,"(3, 3, 1, 0, 3, 2)"
26,"(3, 3, 0, 0, 2, 3)"
27,"(1, 2, 3, 2, 1, 3)"
45,"(2, 1, 3, 1, 2, 2)"
47,"(3, 0, 1, 2, 0, 3)"
48,"(2, 1, 2, 1, 2, 1)"
53,"(2, 3, 0, 0, 2, 1)"
56,"(2, 1, 3, 1, 3, 3)"
57,"(3, 3, 2, 2, 0, 3)"
59,"(3, 2, 1, 1, 2, 3)"
60,"(2, 3, 1, 0, 3, 3)"
62,"(2, 3, 0, 0, 3, 2)"
65,"(2, 2, 1, 2, 3, 3)"
70,"(1, 2, 1, 1, 1, 1)"
73,"(2, 2, 3, 3, 2, 2)"
74,"(1, 1, 3, 3, 3, 2)"
75,"(1, 1, 1, 3, 2, 3)"
78,"(3, 1, 0, 0, 3, 1)"
82,"(3, 3, 3, 1, 3, 3)"
84,"(0, 2, 0, 2, 0, 3)"
85,"(2, 0, 2, 2, 1, 2)"
88,"(3, 1, 0, 3, 2, 3)"
93,"(2, 1, 3, 3, 0, 3)"
95,"(1, 0, 3, 3, 1, 3)"
100,"(2, 3, 2, 2, 1, 2)"
106,"(2, 3, 3, 2, 2, 3)"
109,"(2, 3, 1, 2, 0, 2)"
110,"(3, 1, 2, 2, 1, 2)"
113,"(2, 1, 1, 2, 2, 2)"
115,"(2, 1, 0, 1, 2, 2)"
116,"(1, 2, 1, 2, 2, 3)"
120,"(3, 1, 1, 1, 2, 2)"
124,"(3, 1, 2, 2, 2, 3)"
127,"(3, 3, 3, 3, 0, 3)"
129,"(2, 1, 0, 1, 3, 3)"
131,"(2, 1, 1, 2, 3, 2)"
141,"(3, 0, 1, 2, 3, 3)"
143,"(3, 3, 1, 2, 2, 2)"
153,"(2, 1, 3, 0, 2, 1)"
160,"(3, 3, 0, 2, 2, 3)"
161,"(2, 1, 3, 0, 3, 2)"
162,"(2, 1, 2, 3, 1, 2)"
169,"(3, 0, 3, 0, 3, 3)"
170,"(3, 3, 2, 1, 0, 2)"
172,"(3, 2, 1, 0, 2, 1)"
173,"(3, 1, 3, 3, 1, 1)"
175,"(2, 3, 0, 2, 1, 1)"
177,"(2, 3, 3, 1, 0, 2)"
178,"(3, 2, 3, 1, 3, 2)"
184,"(2, 1, 2, 3, 2, 2)"
187,"(2, 3, 2, 2, 3, 1)"
189,"(2, 1, 3, 3, 3, 3)"
192,"(0, 2, 0, 1, 0, 2)"
197,"(3, 1, 0, 2, 2, 2)"
200,"(2, 0, 1, 0, 3, 3)"
201,"(1, 0, 3, 2, 1, 2)"
202,"(3, 3, 3, 3, 2, 3)"
207,"(1, 3, 3, 3, 3, 1)"
212,"(3, 2, 3, 3, 0, 2)"
216,"(2, 2, 2, 2, 2, 2)"
217,"(3, 2, 2, 2, 0, 1)"
222,"(3, 2, 3, 3, 1, 3)"
225,"(0, 3, 0, 0, 0, 2)"
228,"(3, 3, 3, 2, 0, 2)"
231,"(2, 0, 1, 2, 0, 3)"
240,"(2, 2, 3, 2, 3, 2)"
247,"(3, 0, 2, 2, 3, 2)"
248,"(2, 1, 0, 3, 2, 2)"
249,"(2, 3, 2, 1, 1, 1)"
255,"(3, 2, 0, 1, 3, 2)"
259,"(2, 3, 2, 1, 2, 2)"
262,"(3, 1, 1, 3, 2, 1)"
263,"(3, 3, 1, 1, 3, 2)"
270,"(3, 2, 3, 2, 2, 1)"
274,"(3, 1, 1, 3, 3, 2)"
278,"(2, 1, 1, 1, 3, 3)"
279,"(2, 3, 1, 1, 2, 3)"
280,"(3, 1, 2, 1, 3, 3)"
281,"(1, 2, 1, 1, 3, 3)"
294,"(3, 2, 3, 0, 3, 1)"
300,"(2, 1, 2, 2, 2, 1)"
301,"(3, 2, 1, 3, 1, 1)"
302,"(3, 2, 2, 2, 3, 2)"
304,"(2, 2, 1, 3, 2, 2)"
306,"(2, 2, 0, 3, 2, 1)"
314,"(3, 2, 2, 3, 2, 2)"
318,"(2, 2, 1, 3, 3, 3)"
329,"(2, 1, 1, 3, 0, 2)"
333,"(3, 1, 2, 3, 0, 2)"
334,"(3, 1, 1, 2, 0, 2)"
335,"(3, 0, 2, 0, 2, 3)"
342,"(3, 3, 2, 0, 1, 2)"
352,"(2, 2, 3, 1, 3, 1)"
354,"(2, 1, 2, 0, 3, 3)"
355,"(3, 3, 1, 3, 0, 3)"
358,"(2, 3, 0, 1, 3, 2)"
359,"(3, 1, 3, 0, 3, 3)"
360,"(1, 0, 2, 3, 2, 3)"
362,"(1, 3, 2, 3, 1, 2)"
374,"(1, 0, 3, 1, 2, 3)"
376,"(3, 3, 1, 1, 1, 3)"
377,"(2, 3, 1, 0, 0, 1)"
378,"(2, 3, 2, 0, 2, 1)"
381,"(3, 3, 3, 1, 1, 3)"
386,"(1, 2, 1, 0, 2, 2)"
391,"(2, 2, 1, 2, 1, 2)"
392,"(3, 2, 3, 2, 1, 3)"
394,"(2, 2, 3, 3, 0, 2)"
396,"(0, 1, 0, 2, 0, 3)"
399,"(2, 3, 3, 0, 3, 1)"
402,"(3, 2, 0, 3, 3, 2)"
403,"(3, 3, 3, 1, 0, 1)"
405,"(2, 1, 1, 0, 3, 1)"
407,"(2, 3, 2, 3, 2, 2)"
409,"(3, 1, 2, 0, 3, 1)"
411,"(3, 3, 3, 1, 1, 2)"
413,"(3, 0, 1, 0, 3, 2)"
415,"(3, 0, 3, 2, 2, 1)"
418,"(2, 1, 1, 3, 3, 3)"
420,"(2, 0, 3, 3, 0, 1)"
421,"(2, 2, 3, 0, 1, 2)"
422,"(2, 1, 0, 2, 3, 2)"
424,"(3, 3, 1, 0, 3, 1)"
425,"(3, 1, 1, 2, 3, 3)"
427,"(3, 1, 2, 3, 3, 2)"
428,"(3, 3, 0, 0, 2, 2)"
436,"(2, 1, 1, 2, 0, 1)"
442,"(1, 2, 3, 2, 2, 3)"
445,"(1, 2, 2, 1, 2, 2)"
447,"(3, 0, 1, 2, 0, 2)"
448,"(1, 3, 2, 3, 3, 1)"
449,"(2, 1, 1, 2, 1, 2)"
454,"(3, 3, 1, 3, 3, 3)"
458,"(3, 1, 3, 1, 2, 1)"
459,"(1, 2, 2, 1, 3, 3)"
463,"(2, 1, 3, 1, 3, 2)"
465,"(2, 2, 0, 2, 2, 1)"
466,"(2, 1, 2, 1, 3, 1)"
467,"(3, 3, 1, 2, 0, 2)"
470,"(2, 3, 0, 0, 3, 1)"
471,"(2, 2, 1, 2, 3, 2)"
476,"(1, 1, 0, 3, 1, 1)"
480,"(3, 3, 2, 2, 1, 2)"
481,"(3, 2, 0, 2, 2, 2)"
494,"(0, 2, 0, 2, 0, 2)"
496,"(2, 1, 2, 2, 3, 3)"
502,"(3, 0, 2, 3, 2, 1)"
503,"(3, 1, 3, 2, 3, 3)"
514,"(2, 0, 3, 3, 3, 2)"
515,"(2, 1, 3, 3, 1, 3)"
517,"(2, 2, 3, 0, 3, 1)"
518,"(2, 3, 3, 0, 2, 3)"
519,"(3, 2, 3, 1, 2, 3)"
521,"(3, 2, 1, 3, 3, 3)"
523,"(3, 1, 2, 0, 2, 3)"
526,"(3, 1, 2, 2, 2, 2)"
533,"(2, 1, 0, 1, 3, 2)"
536,"(2, 1, 1, 2, 3, 1)"
539,"(3, 1, 1, 1, 3, 1)"
542,"(1, 2, 3, 1, 2, 2)"
546,"(1, 2, 2, 0, 2, 1)"
547,"(2, 2, 3, 2, 1, 2)"
550,"(3, 3, 1, 2, 3, 2)"
558,"(1, 1, 1, 2, 1, 2)"
559,"(3, 0, 2, 2, 1, 2)"
560,"(2, 1, 3, 0, 3, 1)"
561,"(3, 3, 0, 2, 2, 2)"
566,"(2, 1, 2, 1, 2, 3)"
568,"(2, 3, 0, 0, 2, 3)"
570,"(2, 0, 0, 3, 2, 0)"
575,"(3, 1, 1, 3, 0, 1)"
584,"(2, 1, 2, 3, 2, 1)"
587,"(3, 1, 3, 3, 2, 1)"
589,"(2, 2, 3, 3, 1, 3)"
593,"(0, 2, 0, 1, 0, 1)"
594,"(1, 2, 1, 1, 1, 3)"
598,"(2, 3, 1, 3, 3, 1)"
602,"(3, 0, 2, 3, 1, 3)"
604,"(3, 1, 0, 0, 3, 3)"
607,"(1, 3, 2, 0, 1, 3)"
612,"(2, 3, 2, 2, 0, 3)"
619,"(2, 2, 2, 2, 2, 1)"
621,"(3, 2, 2, 3, 0, 1)"
623,"(3, 2, 3, 0, 2, 1)"
625,"(3, 2, 3, 3, 1, 2)"
627,"(1, 0, 3, 2, 3, 2)"
637,"(2, 2, 2, 2, 3, 1)"
638,"(3, 1, 3, 1, 3, 3)"
645,"(3, 0, 2, 2, 3, 1)"
648,"(3, 2, 3, 3, 2, 2)"
652,"(3, 3, 1, 2, 1, 3)"
659,"(1, 1, 1, 1, 1, 1)"
661,"(2, 3, 2, 1, 3, 2)"
665,"(3, 1, 1, 3, 3, 1)"
667,"(2, 1, 3, 0, 2, 3)"
669,"(2, 3, 1, 1, 2, 2)"
682,"(3, 1, 0, 1, 2, 2)"
692,"(2, 3, 3, 0, 1, 1)"
694,"(3, 1, 3, 3, 1, 3)"
696,"(3, 2, 1, 0, 2, 3)"
698,"(3, 2, 1, 3, 2, 1)"
700,"(2, 2, 1, 3, 3, 2)"
706,"(2, 3, 2, 2, 3, 3)"
708,"(3, 2, 0, 3, 1, 1)"
709,"(3, 0, 1, 0, 1, 2)"
715,"(2, 3, 2, 3, 0, 1)"
719,"(3, 2, 2, 3, 3, 1)"
720,"(3, 0, 0, 3, 3, 0)"
722,"(3, 1, 1, 2, 0, 1)"
730,"(2, 1, 0, 2, 1, 1)"
732,"(2, 1, 1, 3, 1, 2)"
736,"(3, 1, 2, 3, 1, 2)"
737,"(3, 2, 0, 0, 2, 1)"
745,"(2, 1, 0, 2, 2, 2)"
746,"(1, 2, 3, 1, 3, 3)"
747,"(3, 3, 1, 3, 0, 2)"
751,"(3, 1, 3, 0, 3, 2)"
762,"(2, 1, 0, 0, 2, 2)"
767,"(3, 1, 1, 0, 2, 2)"
775,"(3, 3, 1, 1, 1, 2)"
783,"(3, 3, 1, 1, 2, 3)"
793,"(3, 2, 2, 2, 1, 1)"
794,"(2, 2, 3, 3, 0, 1)"
795,"(0, 1, 0, 2, 0, 2)"
799,"(3, 1, 1, 3, 2, 3)"
803,"(2, 2, 1, 2, 2, 2)"
804,"(2, 0, 1, 3, 1, 2)"
806,"(3, 2, 3, 2, 2, 3)"
808,"(3, 2, 2, 2, 2, 2)"
813,"(1, 1, 2, 3, 2, 1)"
815,"(3, 1, 0, 0, 2, 1)"
819,"(2, 1, 2, 2, 1, 2)"
820,"(3, 2, 2, 0, 2, 2)"
823,"(1, 1, 1, 3, 1, 2)"
827,"(3, 1, 3, 2, 1, 2)"
829,"(3, 3, 3, 1, 2, 2)"
833,"(3, 2, 3, 0, 3, 3)"
836,"(3, 0, 3, 2, 3, 1)"
839,"(2, 2, 3, 0, 2, 2)"
847,"(1, 2, 1, 2, 0, 2)"
854,"(1, 0, 2, 0, 1, 3)"
860,"(2, 1, 1, 2, 1, 1)"
866,"(3, 1, 1, 1, 1, 1)"
873,"(2, 3, 0, 1, 2, 3)"
874,"(2, 2, 0, 2, 3, 1)"
875,"(3, 2, 1, 2, 3, 1)"
880,"(2, 2, 3, 1, 3, 3)"
884,"(3, 2, 0, 2, 2, 1)"
899,"(3, 2, 0, 2, 3, 2)"
912,"(2, 3, 2, 0, 2, 3)"
914,"(2, 1, 1, 0, 2, 3)"
917,"(2, 0, 3, 3, 3, 1)"
919,"(3, 2, 3, 1, 2, 2)"
921,"(3, 2, 1, 3, 3, 2)"
926,"(2, 3, 3, 0, 3, 3)"
927,"(3, 1, 2, 0, 2, 2)"
928,"(1, 0, 3, 3, 3, 3)"
932,"(2, 3, 3, 3, 3, 1)"
936,"(2, 1, 1, 0, 3, 3)"
937,"(3, 1, 2, 0, 3, 3)"
938,"(3, 1, 3, 2, 1, 3)"
953,"(1, 2, 2, 1, 1, 3)"
958,"(1, 0, 0, 0, 2, 0)"
960,"(2, 1, 1, 2, 0, 3)"
965,"(1, 1, 3, 2, 3, 2)"
969,"(3, 1, 1, 1, 0, 3)"
972,"(1, 3, 2, 3, 3, 3)"
974,"(2, 1, 2, 1, 2, 2)"
975,"(2, 2, 3, 2, 2, 1)"
979,"(2, 3, 0, 0, 2, 2)"
980,"(3, 1, 3, 1, 2, 3)"
982,"(2, 2, 0, 2, 2, 3)"
983,"(2, 1, 2, 1, 3, 3)"
986,"(2, 3, 0, 0, 3, 3)"
987,"(2, 0, 0, 3, 3, 0)"
999,"(2, 2, 3, 3, 2, 3)"
1004,"(2, 2, 2, 3, 2, 2)"
1007,"(3, 0, 2, 3, 1, 2)"
1008,"(3, 1, 0, 0, 3, 2)"
1013,"(3, 1, 2, 1, 1, 1)"
1019,"(3, 0, 2, 3, 2, 3)"
1029,"(2, 3, 2, 2, 1, 3)"
1030,"(1, 0, 1, 2, 1, 3)"
1032,"(2, 2, 3, 0, 3, 3)"
1037,"(3, 2, 2, 3, 1, 1)"
1040,"(0, 0, 0, 3, 0, 0)"
1041,"(3, 0, 0, 3, 1, 0)"
1042,"(2, 1, 0, 1, 2, 3)"
1046,"(3, 1, 1, 1, 2, 3)"
1054,"(3, 2, 3, 3, 2, 1)"
1058,"(2, 1, 1, 2, 3, 3)"
1068,"(3, 1, 1, 1, 3, 3)"
1071,"(3, 3, 1, 2, 2, 3)"
1079,"(1, 2, 2, 0, 2, 3)"
1088,"(2, 1, 2, 0, 2, 2)"
1090,"(3, 1, 3, 0, 2, 2)"
1094,"(2, 1, 3, 0, 3, 3)"
1095,"(2, 2, 0, 1, 2, 2)"
1101,"(3, 1, 0, 1, 2, 1)"
1112,"(3, 1, 1, 3, 0, 3)"
1114,"(3, 1, 3, 3, 1, 2)"
1116,"(3, 3, 1, 1, 0, 2)"
1122,"(2, 1, 2, 3, 2, 3)"
1125,"(3, 1, 3, 3, 2, 3)"
1126,"(1, 3, 0, 3, 1, 3)"
1127,"(0, 2, 0, 1, 0, 3)"
1128,"(3, 1, 2, 1, 0, 3)"
1129,"(3, 2, 3, 2, 0, 2)"
1131,"(2, 3, 1, 3, 3, 3)"
1140,"(1, 0, 1, 1, 1, 2)"
1147,"(2, 2, 1, 3, 0, 3)"
1148,"(2, 0, 3, 2, 3, 2)"
1154,"(2, 1, 0, 2, 2, 1)"
1155,"(2, 2, 2, 2, 2, 3)"
1159,"(3, 2, 0, 0, 3, 1)"
1164,"(0, 3, 0, 0, 0, 3)"
1165,"(1, 1, 0, 2, 2, 3)"
1167,"(2, 1, 0, 0, 2, 1)"
1170,"(0, 3, 0, 3, 0, 1)"
1176,"(1, 3, 2, 1, 2, 2)"
1177,"(3, 1, 1, 0, 2, 1)"
1182,"(2, 1, 0, 0, 3, 2)"
1184,"(3, 1, 1, 0, 3, 2)"
1185,"(3, 0, 2, 2, 3, 3)"
1190,"(3, 2, 0, 1, 3, 3)"
1191,"(3, 3, 1, 1, 2, 2)"
1193,"(2, 3, 2, 1, 2, 3)"
1195,"(3, 3, 1, 1, 3, 3)"
1202,"(1, 1, 1, 1, 1, 3)"
1203,"(2, 2, 1, 2, 2, 1)"
1206,"(3, 0, 0, 2, 1, 0)"
1207,"(3, 2, 2, 2, 2, 1)"
1213,"(3, 1, 1, 3, 3, 3)"
1215,"(1, 1, 3, 1, 3, 3)"
1216,"(1, 3, 3, 2, 1, 3)"
1217,"(2, 0, 1, 3, 2, 2)"
1221,"(3, 2, 2, 0, 2, 1)"
1227,"(1, 1, 1, 3, 1, 1)"
1229,"(3, 1, 3, 2, 1, 1)"
1230,"(3, 3, 3, 1, 2, 1)"
1233,"(2, 1, 2, 2, 2, 2)"
1236,"(3, 2, 1, 3, 1, 2)"
1237,"(3, 1, 3, 2, 2, 2)"
1238,"(3, 2, 2, 0, 3, 2)"
1242,"(2, 2, 0, 3, 2, 2)"
1244,"(1, 2, 3, 0, 2, 3)"
1246,"(2, 2, 3, 0, 2, 1)"
1249,"(2, 3, 1, 2, 3, 2)"
1252,"(3, 2, 1, 3, 2, 3)"
1256,"(3, 0, 3, 3, 3, 3)"
1265,"(1, 0, 2, 0, 1, 2)"
1270,"(3, 2, 2, 3, 3, 3)"
1273,"(2, 1, 1, 3, 0, 3)"
1277,"(3, 1, 2, 3, 0, 3)"
1281,"(3, 1, 1, 2, 0, 3)"
1287,"(2, 1, 0, 2, 1, 3)"
1289,"(3, 2, 0, 0, 2, 3)"
1294,"(2, 2, 2, 1, 2, 1)"
1295,"(1, 1, 0, 1, 2, 2)"
1302,"(1, 0, 1, 3, 1, 3)"
1305,"(2, 2, 2, 1, 3, 2)"
1306,"(2, 3, 0, 1, 3, 3)"
1310,"(1, 3, 1, 3, 1, 2)"
1311,"(2, 1, 2, 1, 0, 2)"
1312,"(2, 2, 3, 2, 0, 1)"
1313,"(1, 1, 3, 2, 1, 1)"
1314,"(1, 1, 1, 2, 0, 2)"
1316,"(1, 1, 3, 0, 1, 2)"
1327,"(2, 0, 0, 3, 1, 0)"
1329,"(2, 3, 2, 0, 2, 2)"
1330,"(3, 3, 2, 1, 3, 2)"
1339,"(2, 2, 1, 2, 1, 3)"
1340,"(3, 2, 2, 2, 1, 3)"
1341,"(2, 2, 3, 3, 0, 3)"
1344,"(2, 2, 2, 3, 0, 2)"
1346,"(3, 0, 0, 1, 2, 0)"
1347,"(2, 3, 2, 0, 3, 2)"
1350,"(2, 1, 1, 0, 3, 2)"
1356,"(2, 1, 3, 2, 2, 1)"
1358,"(3, 0, 2, 3, 0, 3)"
1359,"(3, 1, 0, 0, 2, 3)"
1360,"(3, 1, 2, 0, 3, 2)"
1367,"(3, 0, 3, 2, 2, 2)"
1369,"(2, 0, 3, 3, 0, 2)"
1376,"(3, 1, 2, 3, 3, 3)"
1386,"(2, 1, 1, 2, 0, 2)"
1392,"(1, 1, 2, 2, 3, 1)"
1396,"(2, 0, 1, 2, 3, 2)"
1397,"(2, 1, 1, 2, 1, 3)"
1404,"(3, 1, 3, 1, 2, 2)"
1408,"(2, 2, 0, 2, 2, 2)"
1409,"(2, 1, 2, 1, 3, 2)"
1411,"(3, 3, 1, 2, 0, 3)"
1415,"(2, 2, 0, 2, 3, 3)"
1418,"(3, 2, 1, 2, 3, 3)"
1423,"(1, 2, 0, 1, 1, 1)"
1426,"(3, 2, 0, 2, 2, 3)"
1427,"(2, 0, 3, 0, 3, 2)"
1433,"(2, 2, 2, 3, 2, 1)"
1439,"(2, 1, 3, 0, 1, 2)"
1443,"(2, 2, 2, 3, 3, 2)"
1444,"(3, 0, 1, 3, 2, 1)"
1445,"(3, 0, 2, 3, 2, 2)"
1448,"(2, 2, 1, 1, 1, 2)"
1452,"(1, 0, 3, 0, 3, 3)"
1453,"(2, 0, 2, 3, 2, 2)"
1457,"(2, 0, 3, 3, 3, 3)"
1461,"(1, 0, 1, 2, 2, 3)"
1463,"(2, 3, 3, 3, 3, 3)"
1467,"(3, 0, 3, 1, 2, 1)"
1480,"(3, 1, 1, 1, 3, 2)"
1483,"(2, 0, 1, 1, 2, 1)"
1491,"(2, 2, 3, 2, 1, 3)"
1496,"(3, 3, 1, 2, 3, 3)"
1498,"(2, 1, 2, 0, 2, 1)"
1503,"(3, 1, 3, 0, 2, 1)"
1508,"(3, 0, 2, 2, 1, 3)"
1514,"(2, 2, 3, 2, 2, 3)"
1521,"(2, 2, 0, 1, 3, 2)"
1522,"(3, 1, 1, 3, 0, 2)"
1530,"(3, 2, 0, 1, 2, 3)"
1532,"(3, 1, 3, 3, 2, 2)"
1533,"(3, 2, 1, 1, 3, 1)"
1534,"(2, 3, 0, 3, 2, 1)"
1537,"(2, 3, 1, 3, 3, 2)"
1545,"(2, 2, 1, 0, 1, 1)"
1547,"(3, 1, 2, 1, 1, 3)"
1550,"(2, 1, 2, 2, 0, 2)"
1551,"(3, 1, 0, 3, 3, 2)"
1558,"(3, 1, 3, 2, 0, 1)"
1560,"(2, 2, 1, 3, 0, 2)"
1563,"(2, 0, 3, 2, 3, 1)"
1569,"(3, 2, 2, 3, 0, 2)"
1572,"(2, 3, 1, 2, 1, 1)"
1574,"(2, 2, 1, 3, 1, 3)"
1576,"(3, 0, 3, 3, 1, 2)"
1578,"(3, 2, 2, 3, 1, 3)"
1579,"(1, 2, 3, 0, 1, 3)"
1582,"(2, 3, 3, 2, 3, 1)"
1588,"(2, 2, 2, 2, 3, 2)"
1589,"(1, 1, 0, 2, 3, 3)"
1590,"(2, 1, 0, 0, 3, 1)"
1592,"(3, 1, 1, 0, 3, 1)"
1595,"(1, 3, 2, 1, 3, 2)"
1596,"(3, 2, 3, 3, 2, 3)"
1604,"(1, 1, 2, 1, 2, 2)"
1609,"(1, 1, 1, 1, 1, 2)"
1611,"(2, 3, 2, 1, 3, 3)"
1613,"(3, 1, 3, 0, 1, 3)"
1618,"(2, 2, 3, 1, 2, 2)"
1619,"(1, 1, 3, 1, 3, 2)"
1620,"(1, 1, 1, 1, 2, 3)"
1623,"(3, 0, 0, 2, 2, 0)"
1624,"(2, 0, 0, 2, 2, 0)"
1630,"(3, 2, 2, 2, 3, 1)"
1635,"(2, 0, 1, 3, 3, 2)"
1636,"(3, 1, 0, 1, 2, 3)"
1642,"(3, 1, 3, 2, 2, 1)"
1644,"(3, 2, 2, 0, 3, 1)"
1648,"(2, 3, 1, 2, 3, 1)"
1649,"(3, 2, 1, 3, 2, 2)"
1654,"(1, 2, 3, 0, 3, 3)"
1656,"(3, 0, 3, 3, 3, 2)"
1667,"(2, 3, 2, 3, 0, 2)"
1671,"(3, 2, 2, 3, 3, 2)"
1672,"(3, 3, 3, 3, 3, 2)"
1683,"(2, 1, 1, 3, 1, 3)"
1685,"(3, 1, 2, 3, 1, 3)"
1686,"(3, 2, 0, 0, 2, 2)"
1695,"(1, 0, 1, 3, 1, 2)"
1697,"(2, 1, 0, 2, 2, 3)"
1699,"(3, 2, 0, 0, 3, 3)"
1701,"(2, 2, 2, 1, 3, 1)"
1706,"(2, 0, 1, 2, 1, 2)"
1710,"(2, 1, 0, 0, 2, 3)"
1715,"(0, 3, 0, 3, 0, 3)"
1721,"(3, 1, 1, 0, 2, 3)"
1733,"(1, 3, 2, 3, 2, 2)"
1735,"(3, 2, 1, 2, 0, 1)"
1743,"(3, 2, 2, 2, 1, 2)"
1746,"(2, 2, 2, 3, 0, 1)"
1748,"(1, 1, 3, 0, 3, 2)"
1749,"(2, 3, 2, 0, 3, 1)"
1751,"(2, 2, 1, 2, 2, 3)"
1752,"(2, 0, 1, 3, 1, 3)"
1754,"(3, 2, 2, 2, 2, 3)"
1762,"(3, 0, 2, 3, 0, 2)"
1763,"(3, 1, 0, 0, 2, 2)"
1765,"(2, 1, 2, 2, 1, 3)"
1767,"(3, 2, 2, 0, 2, 3)"
1771,"(1, 1, 1, 3, 1, 3)"
1776,"(2, 0, 2, 3, 0, 2)"
1777,"(2, 1, 3, 2, 3, 1)"
1783,"(3, 0, 3, 2, 3, 2)"
1784,"(2, 0, 3, 3, 1, 2)"
1785,"(2, 2, 3, 0, 2, 3)"
1790,"(2, 3, 3, 3, 0, 1)"
1801,"(1, 2, 3, 3, 2, 2)"
1804,"(1, 3, 2, 2, 0, 2)"
1807,"(2, 0, 1, 2, 3, 1)"
1815,"(2, 2, 0, 2, 3, 2)"
1816,"(2, 2, 2, 1, 2, 3)"
1819,"(3, 2, 1, 2, 3, 2)"
1824,"(1, 2, 2, 0, 0, 1)"
1829,"(0, 3, 0, 2, 0, 1)"
1833,"(2, 2, 3, 2, 0, 3)"
1835,"(3, 2, 0, 2, 3, 3)"
1836,"(3, 3, 2, 3, 2, 2)"
1841,"(2, 2, 2, 3, 3, 1)"
1849,"(1, 0, 3, 0, 3, 2)"
1855,"(3, 0, 1, 3, 3, 1)"
1857,"(1, 2, 1, 0, 3, 1)"
1858,"(3, 1, 3, 3, 0, 2)"
1859,"(2, 2, 1, 1, 2, 2)"
1863,"(2, 0, 2, 3, 3, 2)"
1868,"(3, 2, 2, 1, 2, 1)"
1869,"(2, 3, 3, 3, 3, 2)"
1873,"(2, 3, 2, 3, 3, 1)"
1879,"(2, 3, 1, 3, 2, 2)"
1880,"(3, 1, 0, 3, 1, 1)"
1882,"(1, 0, 1, 0, 3, 3)"
1896,"(3, 3, 0, 0, 3, 1)"
1897,"(3, 2, 3, 0, 2, 2)"
1898,"(1, 3, 2, 1, 0, 1)"
1900,"(2, 2, 2, 2, 1, 2)"
1903,"(1, 1, 0, 2, 1, 3)"
1904,"(2, 0, 1, 1, 3, 1)"
1905,"(2, 0, 0, 0, 3, 0)"
1921,"(2, 2, 3, 2, 2, 2)"
1924,"(3, 3, 0, 3, 3, 2)"
1925,"(3, 0, 2, 2, 2, 2)"
1928,"(3, 2, 0, 1, 2, 2)"
1935,"(1, 1, 3, 1, 1, 2)"
1936,"(3, 3, 2, 2, 2, 1)"
1945,"(2, 2, 2, 3, 2, 3)"
1956,"(3, 0, 0, 0, 1, 0)"
1957,"(3, 0, 1, 3, 2, 3)"
1960,"(2, 0, 0, 2, 1, 0)"
1961,"(2, 0, 2, 2, 3, 1)"
1974,"(3, 2, 1, 3, 0, 1)"
1975,"(2, 2, 1, 3, 1, 2)"
1983,"(3, 2, 2, 3, 1, 2)"
1985,"(2, 3, 1, 2, 2, 1)"
1993,"(3, 0, 3, 3, 2, 2)"
1994,"(3, 0, 3, 1, 2, 3)"
1999,"(2, 0, 3, 2, 0, 3)"
2018,"(2, 0, 1, 1, 2, 3)"
2028,"(1, 3, 0, 2, 1, 3)"
2031,"(2, 2, 3, 1, 2, 1)"
2034,"(2, 1, 2, 0, 2, 3)"
2038,"(3, 1, 3, 0, 2, 3)"
2042,"(2, 2, 0, 1, 2, 3)"
2047,"(1, 1, 1, 1, 3, 3)"
2049,"(3, 0, 2, 1, 2, 1)"
2051,"(2, 0, 0, 2, 3, 0)"
2057,"(1, 0, 3, 1, 1, 3)"
2062,"(2, 2, 1, 2, 0, 3)"
2068,"(2, 3, 0, 3, 2, 3)"
2071,"(3, 2, 2, 2, 0, 2)"
2074,"(1, 1, 3, 3, 0, 2)"
2078,"(3, 3, 3, 3, 3, 1)"
2079,"(1, 3, 2, 0, 2, 2)"
2082,"(2, 0, 2, 2, 2, 3)"
2084,"(1, 0, 1, 1, 1, 3)"
2091,"(2, 0, 3, 2, 3, 3)"
2096,"(3, 2, 0, 0, 3, 2)"
2099,"(3, 3, 1, 0, 2, 1)"
2104,"(2, 0, 1, 2, 1, 1)"
2107,"(0, 3, 0, 3, 0, 2)"
2110,"(1, 3, 2, 1, 2, 3)"
2113,"(2, 1, 0, 0, 3, 3)"
2115,"(3, 1, 1, 0, 3, 3)"
2120,"(2, 0, 0, 1, 2, 0)"
2124,"(2, 2, 0, 2, 1, 1)"
2125,"(3, 2, 1, 2, 1, 1)"
2127,"(1, 1, 3, 0, 3, 1)"
2132,"(1, 3, 1, 0, 3, 1)"
2135,"(3, 3, 2, 3, 0, 2)"
2138,"(2, 0, 1, 3, 2, 3)"
2142,"(3, 2, 2, 2, 3, 3)"
2147,"(2, 0, 2, 3, 0, 1)"
2156,"(2, 1, 2, 2, 2, 3)"
2159,"(3, 2, 1, 3, 1, 3)"
2160,"(3, 2, 2, 0, 3, 3)"
2161,"(3, 1, 3, 2, 2, 3)"
2164,"(2, 3, 0, 2, 2, 2)"
2165,"(2, 2, 0, 3, 2, 3)"
2168,"(2, 3, 1, 2, 3, 3)"
2174,"(2, 0, 3, 3, 2, 2)"
2176,"(1, 1, 1, 0, 2, 2)"
2182,"(1, 2, 1, 3, 1, 2)"
2184,"(3, 1, 0, 2, 3, 3)"
2186,"(1, 0, 1, 0, 1, 3)"
2187,"(2, 2, 0, 3, 3, 3)"
2191,"(1, 2, 3, 3, 3, 2)"
2194,"(1, 3, 2, 2, 1, 2)"
2197,"(3, 0, 2, 0, 3, 1)"
2200,"(3, 0, 3, 2, 0, 3)"
2201,"(1, 0, 2, 0, 2, 3)"
2205,"(2, 2, 2, 1, 2, 2)"
2207,"(1, 1, 0, 1, 2, 3)"
2211,"(3, 3, 1, 3, 1, 1)"
2215,"(2, 2, 2, 1, 3, 3)"
2216,"(3, 0, 1, 1, 2, 2)"
2223,"(1, 3, 1, 3, 1, 3)"
2225,"(2, 2, 3, 2, 0, 2)"
2227,"(3, 3, 2, 3, 2, 1)"
2228,"(3, 3, 0, 3, 1, 2)"
2232,"(3, 0, 2, 2, 0, 2)"
2239,"(3, 3, 0, 1, 1, 2)"
2241,"(3, 3, 2, 1, 3, 3)"
2247,"(3, 2, 1, 2, 0, 3)"
2251,"(2, 0, 2, 3, 3, 1)"
2255,"(3, 3, 2, 2, 0, 1)"
2258,"(2, 2, 2, 3, 0, 3)"
2260,"(3, 2, 3, 2, 3, 2)"
2262,"(2, 3, 2, 0, 3, 3)"
2267,"(1, 3, 3, 1, 1, 2)"
2269,"(2, 1, 3, 2, 2, 2)"
2270,"(3, 2, 2, 1, 3, 1)"
2272,"(2, 3, 1, 3, 2, 1)"
2281,"(3, 0, 3, 2, 2, 3)"
2286,"(2, 0, 3, 3, 0, 3)"
2287,"(3, 1, 0, 3, 2, 1)"
2299,"(2, 3, 3, 3, 0, 3)"
2300,"(3, 0, 3, 3, 0, 2)"
2311,"(3, 3, 3, 2, 3, 2)"
2312,"(2, 0, 1, 2, 3, 3)"
2321,"(3, 3, 0, 3, 3, 1)"
2333,"(2, 0, 2, 0, 2, 2)"
2342,"(2, 0, 3, 0, 3, 3)"
2348,"(1, 1, 1, 1, 0, 1)"
2351,"(0, 3, 0, 2, 0, 3)"
2353,"(3, 3, 2, 2, 3, 1)"
2360,"(2, 2, 2, 3, 3, 3)"
2361,"(3, 0, 1, 3, 2, 2)"
2370,"(3, 2, 2, 1, 1, 3)"
2371,"(2, 0, 2, 3, 2, 3)"
2372,"(3, 0, 1, 3, 3, 3)"
2386,"(3, 2, 2, 1, 2, 3)"
2391,"(2, 3, 1, 3, 1, 3)"
2392,"(3, 0, 3, 1, 2, 2)"
2393,"(3, 0, 3, 3, 2, 1)"
2395,"(2, 0, 3, 2, 0, 2)"
2401,"(3, 3, 3, 3, 2, 1)"
2402,"(2, 0, 3, 2, 1, 3)"
2404,"(3, 0, 0, 3, 2, 0)"
2406,"(2, 3, 3, 2, 0, 2)"
2410,"(3, 0, 3, 1, 3, 2)"
2411,"(3, 3, 2, 1, 0, 3)"
2417,"(2, 2, 0, 0, 3, 1)"
2430,"(3, 0, 1, 2, 1, 3)"
2444,"(2, 2, 0, 1, 3, 3)"
2450,"(2, 2, 1, 2, 0, 2)"
2454,"(3, 2, 1, 1, 3, 2)"
2455,"(2, 3, 0, 3, 2, 2)"
2459,"(3, 3, 2, 2, 2, 3)"
2464,"(2, 2, 3, 3, 3, 2)"
2465,"(2, 3, 3, 1, 3, 1)"
2469,"(2, 3, 0, 3, 3, 3)"
2472,"(2, 0, 1, 3, 0, 2)"
2475,"(2, 0, 2, 2, 2, 2)"
2479,"(3, 1, 0, 3, 3, 3)"
2481,"(1, 1, 2, 3, 1, 1)"
2486,"(2, 0, 2, 2, 3, 3)"
2488,"(3, 1, 3, 2, 0, 2)"
2489,"(1, 0, 1, 1, 2, 3)"
2490,"(2, 3, 2, 2, 2, 2)"
2499,"(2, 2, 1, 0, 2, 2)"
2500,"(3, 2, 3, 0, 2, 3)"
2504,"(2, 3, 1, 2, 1, 2)"
2506,"(3, 2, 1, 3, 0, 3)"
2511,"(3, 0, 3, 3, 1, 3)"
2514,"(2, 3, 3, 2, 3, 2)"
2516,"(1, 2, 3, 3, 1, 2)"
2523,"(2, 2, 2, 2, 3, 3)"
2536,"(2, 2, 0, 0, 2, 3)"
2541,"(1, 1, 2, 1, 2, 3)"
2553,"(3, 2, 1, 2, 2, 1)"
2555,"(2, 2, 3, 1, 2, 3)"
2560,"(3, 3, 0, 2, 3, 3)"
2561,"(3, 2, 0, 2, 1, 1)"
2564,"(3, 3, 2, 3, 1, 2)"
2569,"(1, 2, 2, 3, 2, 3)"
2570,"(2, 0, 1, 3, 3, 3)"
2571,"(3, 0, 2, 1, 2, 3)"
2575,"(3, 3, 2, 1, 1, 2)"
2577,"(3, 2, 1, 0, 3, 1)"
2579,"(2, 3, 0, 2, 2, 1)"
2587,"(3, 3, 3, 0, 3, 1)"
2588,"(2, 3, 0, 2, 3, 2)"
2591,"(2, 1, 3, 2, 0, 2)"
2593,"(3, 3, 3, 1, 2, 3)"
2595,"(2, 3, 1, 3, 0, 1)"
2596,"(3, 1, 0, 2, 3, 2)"
2600,"(1, 0, 1, 0, 1, 2)"
2601,"(0, 0, 0, 1, 0, 0)"
2603,"(2, 2, 0, 3, 3, 2)"
2609,"(3, 3, 3, 3, 3, 3)"
2610,"(1, 1, 0, 0, 3, 1)"
2611,"(2, 3, 3, 3, 2, 1)"
2618,"(2, 0, 3, 1, 3, 2)"
2629,"(3, 0, 3, 2, 1, 3)"
2638,"(3, 3, 1, 3, 2, 1)"
2639,"(2, 0, 1, 2, 1, 3)"
2648,"(1, 1, 2, 2, 1, 1)"
2650,"(2, 1, 2, 1, 1, 3)"
2653,"(3, 0, 2, 2, 0, 1)"
2654,"(3, 3, 2, 3, 3, 1)"
2656,"(3, 3, 0, 3, 2, 2)"
2659,"(1, 3, 2, 3, 2, 3)"
2664,"(3, 2, 1, 2, 0, 2)"
2668,"(2, 1, 0, 3, 3, 1)"
2674,"(3, 3, 0, 1, 2, 2)"
2678,"(2, 2, 0, 2, 1, 3)"
2681,"(3, 2, 3, 2, 3, 1)"
2682,"(3, 2, 1, 2, 1, 3)"
2691,"(1, 2, 2, 2, 2, 2)"
2693,"(2, 3, 1, 1, 3, 3)"
2702,"(2, 0, 3, 0, 2, 3)"
2704,"(2, 2, 2, 3, 1, 2)"
2707,"(2, 1, 3, 2, 3, 2)"
2710,"(3, 0, 0, 1, 3, 0)"
2712,"(3, 3, 2, 2, 3, 3)"
2719,"(3, 0, 3, 2, 3, 3)"
2721,"(2, 0, 3, 3, 1, 3)"
2722,"(2, 2, 1, 1, 0, 3)"
2725,"(2, 3, 3, 3, 0, 2)"
2733,"(2, 2, 2, 0, 2, 2)"
2735,"(2, 3, 3, 3, 1, 3)"
2736,"(0, 2, 0, 3, 0, 2)"
2740,"(0, 3, 0, 1, 0, 1)"
2742,"(3, 3, 3, 2, 3, 1)"
2747,"(3, 0, 3, 1, 1, 2)"
2748,"(3, 0, 2, 0, 3, 3)"
2755,"(3, 3, 1, 3, 1, 3)"
2762,"(0, 0, 0, 0, 0, 0)"
2768,"(2, 0, 2, 0, 3, 2)"
2770,"(0, 3, 0, 2, 0, 2)"
2774,"(3, 3, 2, 3, 2, 3)"
2788,"(3, 0, 1, 3, 3, 2)"
2790,"(2, 3, 1, 0, 2, 2)"
2794,"(2, 2, 1, 1, 2, 3)"
2797,"(2, 0, 2, 3, 3, 3)"
2799,"(3, 2, 2, 3, 0, 3)"
2803,"(2, 3, 0, 3, 1, 3)"
2805,"(3, 2, 2, 1, 2, 2)"
2806,"(2, 2, 3, 3, 1, 1)"
2807,"(2, 3, 1, 3, 1, 2)"
2809,"(2, 3, 2, 3, 3, 2)"
2811,"(2, 2, 1, 1, 3, 3)"
2813,"(3, 2, 2, 1, 3, 3)"
2818,"(2, 0, 2, 2, 0, 1)"
2819,"(2, 3, 1, 3, 2, 3)"
2824,"(1, 3, 2, 0, 1, 1)"
2825,"(2, 0, 3, 2, 1, 2)"
2829,"(2, 3, 3, 2, 0, 1)"
2834,"(2, 0, 3, 2, 2, 3)"
2839,"(2, 3, 3, 2, 1, 2)"
2840,"(3, 1, 2, 2, 0, 1)"
2841,"(1, 2, 1, 2, 1, 3)"
2842,"(2, 2, 2, 2, 1, 3)"
2844,"(2, 0, 1, 1, 3, 2)"
2846,"(1, 2, 3, 2, 3, 3)"
2850,"(3, 0, 1, 2, 1, 2)"
2854,"(3, 1, 1, 0, 1, 1)"
2864,"(3, 3, 0, 3, 3, 3)"
2865,"(2, 0, 0, 1, 1, 0)"
2867,"(3, 0, 2, 2, 2, 3)"
2870,"(3, 0, 1, 2, 2, 2)"
2876,"(2, 2, 3, 1, 0, 3)"
2879,"(3, 3, 2, 2, 2, 2)"
2880,"(2, 2, 3, 3, 3, 1)"
2881,"(3, 3, 0, 2, 1, 3)"
2885,"(2, 3, 0, 3, 3, 2)"
2890,"(1, 1, 1, 1, 0, 3)"
2896,"(2, 1, 2, 3, 0, 1)"
2899,"(3, 0, 2, 3, 3, 1)"
2901,"(0, 1, 0, 1, 0, 2)"
2904,"(0, 0, 0, 2, 0, 0)"
2908,"(2, 0, 2, 2, 3, 2)"
2910,"(3, 0, 3, 0, 2, 2)"
2913,"(2, 3, 2, 2, 2, 1)"
2921,"(3, 2, 1, 3, 0, 2)"
2925,"(2, 1, 3, 3, 2, 2)"
2926,"(1, 3, 1, 1, 2, 2)"
2931,"(2, 3, 1, 2, 2, 2)"
2932,"(1, 2, 1, 2, 3, 2)"
2936,"(2, 0, 1, 0, 2, 2)"
2939,"(3, 0, 3, 3, 2, 3)"
2941,"(3, 3, 3, 3, 1, 2)"
2942,"(3, 1, 2, 2, 3, 1)"
2953,"(2, 2, 0, 0, 2, 2)"
2962,"(2, 2, 0, 0, 3, 3)"
2966,"(2, 2, 2, 1, 1, 1)"
2967,"(1, 1, 0, 1, 1, 2)"
2969,"(1, 2, 3, 1, 3, 1)"
2977,"(3, 3, 0, 2, 3, 2)"
2980,"(1, 1, 2, 1, 3, 2)"
2989,"(3, 0, 2, 1, 2, 2)"
2995,"(3, 1, 1, 3, 1, 1)"
3003,"(2, 1, 2, 3, 3, 1)"
3004,"(3, 3, 2, 1, 2, 2)"
3007,"(3, 1, 3, 3, 3, 1)"
3009,"(2, 3, 0, 2, 3, 1)"
3011,"(2, 3, 3, 1, 2, 2)"
3013,"(2, 1, 3, 2, 0, 1)"
3015,"(0, 1, 0, 0, 0, 1)"
3018,"(3, 2, 2, 2, 0, 3)"
3019,"(2, 1, 1, 1, 2, 2)"
3020,"(2, 3, 3, 1, 3, 3)"
3022,"(1, 1, 2, 3, 0, 2)"
3023,"(3, 1, 2, 1, 2, 2)"
3035,"(2, 1, 3, 2, 1, 1)"
3041,"(3, 0, 3, 2, 1, 2)"
3042,"(0, 1, 0, 3, 0, 2)"
3050,"(3, 3, 2, 3, 3, 2)"
3051,"(1, 2, 3, 3, 0, 3)"
3060,"(3, 3, 3, 2, 2, 2)"
3061,"(3, 0, 2, 0, 1, 3)"
3063,"(3, 2, 3, 3, 3, 2)"
3065,"(3, 3, 0, 3, 2, 1)"
3067,"(2, 0, 1, 2, 2, 2)"
3072,"(3, 3, 0, 1, 2, 1)"
3077,"(2, 2, 0, 2, 1, 2)"
3079,"(3, 2, 1, 2, 1, 2)"
3086,"(1, 3, 0, 1, 1, 2)"
3088,"(3, 3, 0, 1, 3, 2)"
3089,"(1, 3, 1, 0, 3, 2)"
3091,"(3, 3, 2, 3, 0, 3)"
3092,"(2, 3, 1, 1, 3, 2)"
3094,"(3, 2, 1, 2, 2, 3)"
3101,"(3, 2, 0, 2, 1, 3)"
3102,"(1, 2, 2, 2, 3, 2)"
3103,"(2, 0, 3, 0, 2, 2)"
3105,"(3, 1, 0, 1, 3, 2)"
3107,"(1, 2, 1, 0, 1, 2)"
3116,"(3, 2, 1, 0, 3, 3)"
3118,"(3, 0, 1, 3, 1, 1)"
3119,"(2, 3, 0, 2, 2, 3)"
3123,"(2, 1, 1, 0, 2, 1)"
3124,"(2, 0, 2, 3, 1, 2)"
3129,"(3, 2, 0, 3, 2, 1)"
3132,"(2, 0, 3, 3, 2, 3)"
3136,"(2, 3, 1, 3, 0, 3)"
3137,"(2, 3, 3, 3, 1, 2)"
3138,"(1, 2, 1, 3, 1, 3)"
3142,"(1, 2, 0, 3, 1, 2)"
3147,"(3, 0, 1, 0, 2, 1)"
3149,"(2, 3, 3, 3, 2, 3)"
3151,"(1, 2, 3, 3, 3, 3)"
3153,"(3, 1, 1, 2, 1, 1)"
3156,"(3, 0, 2, 0, 3, 2)"
3158,"(2, 1, 1, 3, 2, 2)"
3159,"(3, 1, 2, 3, 2, 2)"
3161,"(1, 2, 3, 2, 0, 2)"
3162,"(3, 1, 1, 2, 2, 2)"
3166,"(3, 3, 2, 0, 3, 2)"
3167,"(3, 3, 1, 3, 1, 2)"
3168,"(3, 0, 1, 1, 2, 3)"
3171,"(3, 3, 1, 3, 2, 3)"
3184,"(3, 0, 2, 2, 0, 3)"
3191,"(3, 3, 2, 3, 3, 3)"
3193,"(2, 3, 1, 0, 2, 1)"
3198,"(2, 1, 0, 3, 3, 3)"
3199,"(3, 3, 2, 2, 0, 2)"
3200,"(1, 1, 2, 0, 2, 3)"
3202,"(3, 2, 1, 1, 2, 2)"
3203,"(2, 3, 1, 0, 3, 2)"
3207,"(3, 2, 3, 2, 3, 3)"
3211,"(2, 2, 1, 1, 3, 2)"
3212,"(1, 3, 3, 1, 1, 3)"
3213,"(2, 1, 3, 2, 2, 3)"
3214,"(1, 1, 3, 1, 0, 3)"
3215,"(3, 2, 2, 1, 3, 2)"
3218,"(2, 2, 3, 3, 2, 1)"
3219,"(1, 1, 3, 3, 3, 1)"
3223,"(3, 3, 3, 1, 3, 2)"
3230,"(3, 0, 1, 3, 0, 3)"
3233,"(3, 1, 0, 3, 2, 2)"
3238,"(2, 0, 3, 2, 2, 2)"
3239,"(2, 1, 3, 3, 0, 2)"
3243,"(2, 3, 3, 2, 1, 1)"
3245,"(1, 2, 1, 2, 1, 2)"
3251,"(2, 3, 3, 2, 2, 2)"
3252,"(2, 3, 1, 2, 0, 1)"
3253,"(1, 2, 3, 2, 3, 2)"
3255,"(3, 1, 2, 2, 1, 1)"
3256,"(2, 1, 1, 2, 2, 1)"
3259,"(0, 3, 0, 1, 0, 3)"
3260,"(3, 3, 3, 2, 3, 3)"
3264,"(3, 1, 1, 1, 2, 1)"
3275,"(3, 0, 1, 2, 2, 1)"
3280,"(2, 0, 2, 0, 2, 3)"
3283,"(3, 0, 1, 2, 3, 2)"
3285,"(1, 1, 2, 1, 1, 2)"
3286,"(3, 3, 1, 2, 2, 1)"
3301,"(3, 3, 2, 2, 3, 2)"
3312,"(2, 1, 2, 3, 1, 1)"
3313,"(3, 0, 3, 0, 2, 1)"
3316,"(3, 0, 3, 0, 3, 2)"
3324,"(2, 1, 3, 3, 2, 1)"
3325,"(3, 0, 0, 0, 2, 0)"
3327,"(3, 2, 3, 1, 3, 1)"
3334,"(2, 1, 3, 3, 3, 2)"
3339,"(2, 0, 1, 0, 3, 2)"
3345,"(3, 3, 3, 3, 2, 2)"
3347,"(1, 0, 2, 1, 1, 1)"
3349,"(2, 3, 3, 2, 0, 3)"
3351,"(3, 0, 3, 1, 3, 3)"
3353,"(2, 2, 0, 0, 3, 2)"
3355,"(3, 1, 2, 2, 0, 3)"
3362,"(2, 0, 1, 2, 0, 2)"
3368,"(2, 2, 3, 2, 3, 1)"
3373,"(1, 3, 0, 2, 2, 3)"
3377,"(2, 0, 2, 1, 2, 1)"
3381,"(2, 1, 0, 3, 2, 1)"
3389,"(3, 2, 0, 1, 3, 1)"
3392,"(2, 0, 2, 1, 3, 2)"
3394,"(3, 2, 1, 1, 3, 3)"
3401,"(2, 2, 3, 3, 3, 3)"
3404,"(2, 1, 1, 1, 2, 1)"
3405,"(2, 3, 3, 1, 3, 2)"
3408,"(3, 1, 2, 1, 2, 1)"
3411,"(2, 0, 1, 3, 0, 3)"
3415,"(1, 3, 1, 0, 2, 2)"
3418,"(2, 1, 1, 1, 3, 2)"
3420,"(3, 0, 2, 3, 3, 3)"
3424,"(1, 2, 1, 1, 3, 2)"
3426,"(3, 1, 2, 1, 3, 2)"
3428,"(1, 0, 2, 1, 3, 1)"
3435,"(2, 3, 2, 2, 2, 3)"
3437,"(0, 1, 0, 3, 0, 1)"
3445,"(2, 3, 1, 2, 1, 3)"
3446,"(2, 2, 1, 3, 2, 1)"
3448,"(3, 3, 2, 2, 1, 3)"
3449,"(3, 2, 2, 3, 2, 1)"
3450,"(1, 2, 3, 0, 2, 1)"
3457,"(2, 2, 2, 0, 1, 2)"
3458,"(2, 3, 3, 2, 3, 3)"
3460,"(3, 1, 0, 2, 1, 3)"
3463,"(3, 3, 3, 2, 2, 1)"
3466,"(3, 2, 3, 3, 3, 1)"
3468,"(3, 1, 2, 2, 3, 3)"
3471,"(2, 1, 1, 3, 0, 1)"
3474,"(3, 1, 2, 3, 0, 1)"
3477,"(3, 0, 2, 0, 2, 2)"
3484,"(3, 3, 0, 1, 3, 1)"
3492,"(3, 2, 1, 2, 2, 2)"
3493,"(2, 1, 2, 0, 3, 2)"
3500,"(3, 3, 2, 3, 1, 3)"
3511,"(2, 1, 0, 3, 1, 3)"
3517,"(3, 1, 1, 3, 1, 3)"
3518,"(3, 2, 1, 0, 3, 2)"
3525,"(2, 1, 2, 3, 3, 3)"
3526,"(3, 1, 3, 3, 3, 3)"
3528,"(2, 3, 0, 2, 3, 3)"
3533,"(2, 1, 3, 2, 0, 3)"
3534,"(3, 2, 3, 2, 1, 2)"
3535,"(2, 3, 1, 3, 0, 2)"
3548,"(2, 3, 3, 3, 2, 2)"
3550,"(2, 3, 2, 3, 2, 1)"
3555,"(2, 1, 1, 3, 2, 1)"
3556,"(1, 3, 3, 1, 0, 3)"
3557,"(2, 1, 3, 2, 1, 3)"
3559,"(3, 1, 2, 3, 2, 1)"
3562,"(3, 1, 1, 2, 2, 1)"
3566,"(2, 1, 1, 3, 3, 2)"
3569,"(2, 1, 0, 2, 3, 1)"
3570,"(3, 3, 2, 0, 3, 1)"
3572,"(3, 1, 1, 2, 3, 2)"
3575,"(3, 1, 2, 3, 3, 1)"
3576,"(3, 3, 0, 0, 2, 1)"
3577,"(3, 3, 1, 3, 2, 2)"
3578,"(3, 3, 3, 2, 1, 3)"
3585,"(3, 0, 1, 1, 3, 3)"
3589,"(1, 1, 2, 2, 1, 2)"
3590,"(2, 0, 0, 0, 2, 0)"
3599,"(3, 3, 0, 3, 2, 3)"
3600,"(3, 3, 1, 3, 3, 2)"
3602,"(1, 3, 1, 3, 2, 3)"
3607,"(1, 1, 2, 0, 2, 2)"
3612,"(2, 1, 0, 3, 3, 2)"
3613,"(2, 1, 3, 1, 3, 1)"
3614,"(2, 3, 1, 0, 3, 1)"
3615,"(3, 2, 1, 1, 2, 1)"
3616,"(3, 3, 0, 1, 2, 3)"
3620,"(2, 2, 1, 2, 3, 1)"
3627,"(1, 2, 2, 2, 2, 3)"
3628,"(1, 1, 3, 1, 0, 2)"
3637,"(3, 3, 3, 1, 3, 1)"
3641,"(2, 2, 2, 3, 1, 3)"
3642,"(2, 1, 3, 2, 3, 3)"
3645,"(3, 0, 1, 3, 0, 2)"
3647,"(2, 1, 2, 2, 3, 2)"
3654,"(3, 1, 3, 2, 3, 2)"
3656,"(2, 1, 3, 3, 0, 1)"
3659,"(3, 0, 1, 3, 1, 3)"
3665,"(2, 3, 3, 0, 2, 2)"
3666,"(2, 1, 3, 3, 1, 2)"
3669,"(3, 2, 0, 3, 2, 3)"
3671,"(2, 3, 3, 2, 2, 1)"
3676,"(0, 2, 0, 3, 0, 3)"
3678,"(2, 3, 2, 3, 1, 3)"
3679,"(0, 3, 0, 1, 0, 2)"
3682,"(1, 2, 1, 2, 2, 1)"
3684,"(3, 1, 2, 2, 2, 1)"
3686,"(3, 0, 1, 0, 2, 3)"
3688,"(3, 1, 1, 2, 1, 3)"
3690,"(2, 1, 0, 1, 3, 1)"
3691,"(1, 0, 2, 0, 3, 2)"
3696,"(1, 3, 3, 3, 0, 3)"
3700,"(3, 0, 1, 2, 3, 1)"
3706,"(2, 2, 3, 2, 1, 1)"
3707,"(2, 0, 2, 0, 3, 3)"
3709,"(1, 0, 2, 3, 3, 3)"
3710,"(3, 3, 1, 2, 3, 1)"
3723,"(2, 1, 3, 1, 2, 3)"
3724,"(2, 2, 0, 1, 1, 3)"
3726,"(2, 3, 1, 0, 2, 3)"
3746,"(2, 2, 3, 3, 1, 2)"
3747,"(2, 1, 3, 3, 3, 1)"
3748,"(2, 3, 2, 3, 3, 3)"
3750,"(3, 0, 0, 0, 3, 0)"
3756,"(2, 0, 1, 0, 3, 1)"
3758,"(1, 1, 3, 3, 3, 3)"
3759,"(3, 1, 0, 3, 1, 3)"
3767,"(2, 0, 2, 2, 1, 3)"
3770,"(1, 0, 2, 1, 2, 1)"
3773,"(3, 3, 0, 0, 3, 3)"
3774,"(2, 3, 3, 2, 1, 3)"
3776,"(3, 1, 2, 2, 0, 2)"
3782,"(3, 2, 3, 3, 1, 1)"
3783,"(2, 3, 1, 2, 0, 3)"
3785,"(3, 1, 2, 2, 1, 3)"
3790,"(2, 1, 1, 2, 2, 3)"
3796,"(3, 1, 3, 1, 3, 2)"
3803,"(1, 2, 3, 1, 0, 2)"
3808,"(3, 0, 1, 2, 2, 3)"
3810,"(2, 0, 2, 1, 3, 1)"
3811,"(3, 3, 1, 2, 1, 2)"
3823,"(2, 1, 3, 0, 2, 2)"
3825,"(2, 1, 1, 1, 3, 1)"
3827,"(3, 0, 2, 3, 3, 2)"
3829,"(3, 1, 2, 1, 3, 1)"
3830,"(0, 1, 0, 1, 0, 3)"
3834,"(3, 0, 3, 0, 2, 3)"
3836,"(2, 1, 2, 3, 1, 3)"
3842,"(1, 2, 1, 0, 0, 1)"
3845,"(3, 2, 1, 0, 2, 2)"
3848,"(2, 3, 0, 2, 1, 2)"
3852,"(2, 2, 1, 0, 3, 3)"
3853,"(2, 1, 3, 3, 2, 3)"
3856,"(3, 2, 3, 1, 3, 3)"
3858,"(2, 3, 1, 2, 2, 3)"
3859,"(2, 2, 1, 3, 3, 1)"
3863,"(1, 2, 3, 0, 3, 1)"
3864,"(2, 3, 2, 2, 3, 2)"
3867,"(2, 0, 1, 0, 2, 3)"
3869,"(3, 3, 3, 3, 1, 3)"
3872,"(3, 1, 0, 2, 2, 3)"
3876,"(3, 1, 2, 2, 3, 2)"
3888,"(2, 1, 1, 3, 1, 1)"
3893,"(3, 1, 2, 3, 1, 1)"
3898,"(3, 2, 3, 3, 0, 3)"
3903,"(2, 1, 2, 0, 3, 1)"
3909,"(3, 1, 3, 0, 3, 1)"
3916,"(1, 1, 2, 1, 3, 3)"
3924,"(2, 2, 3, 2, 3, 3)"
3925,"(2, 1, 0, 3, 1, 2)"
3930,"(3, 1, 1, 3, 1, 2)"
3934,"(2, 0, 2, 1, 2, 3)"
3936,"(2, 1, 2, 3, 3, 2)"
3937,"(2, 1, 0, 3, 2, 3)"
3938,"(2, 3, 2, 1, 1, 2)"
3944,"(3, 1, 3, 3, 3, 2)"
3945,"(3, 3, 2, 1, 2, 3)"
3947,"(2, 3, 3, 1, 2, 3)"
3951,"(3, 2, 3, 2, 1, 1)"
3955,"(0, 1, 0, 2, 0, 1)"
3957,"(0, 1, 0, 0, 0, 2)"
3958,"(3, 1, 1, 3, 2, 2)"
3960,"(1, 2, 2, 2, 0, 2)"
3962,"(2, 1, 1, 1, 2, 3)"
3963,"(2, 3, 1, 1, 1, 3)"
3964,"(3, 1, 2, 1, 2, 3)"
3965,"(3, 2, 3, 2, 2, 2)"
3976,"(2, 1, 3, 2, 1, 2)"
3978,"(2, 1, 2, 2, 1, 1)"
3984,"(2, 1, 1, 3, 3, 1)"
3986,"(3, 2, 3, 0, 3, 2)"
3989,"(0, 1, 0, 3, 0, 3)"
3991,"(3, 1, 1, 2, 3, 1)"
3993,"(2, 2, 1, 3, 2, 3)"
3994,"(3, 2, 2, 3, 2, 3)"
3999,"(3, 3, 3, 2, 1, 2)"
4008,"(3, 3, 3, 2, 2, 3)"
4010,"(3, 2, 3, 3, 3, 3)"
4014,"(3, 3, 1, 3, 3, 1)"
4015,"(2, 0, 1, 2, 2, 3)"
4019,"(1, 0, 0, 1, 2, 0)"
4028,"(2, 3, 0, 1, 2, 2)"
4029,"(3, 3, 0, 1, 3, 3)"
4034,"(2, 2, 3, 1, 3, 2)"
4035,"(0, 2, 0, 0, 0, 3)"
4036,"(3, 0, 0, 2, 3, 0)"
4038,"(2, 0, 2, 0, 1, 2)"
4047,"(3, 1, 0, 1, 3, 3)"
4050,"(2, 1, 2, 2, 3, 1)"
4053,"(2, 3, 2, 0, 1, 1)"
4056,"(3, 1, 3, 2, 3, 1)"
4057,"(3, 0, 1, 3, 1, 2)"
4065,"(2, 1, 1, 0, 2, 2)"
4067,"(2, 0, 2, 3, 1, 3)"
4070,"(2, 1, 3, 3, 1, 1)"
4072,"(2, 3, 3, 0, 2, 1)"
4073,"(3, 2, 0, 3, 2, 2)"
4074,"(3, 2, 3, 1, 2, 1)"
4076,"(3, 2, 1, 3, 3, 1)"
4081,"(2, 3, 2, 3, 1, 2)"
4082,"(2, 3, 3, 0, 3, 2)"
4086,"(3, 1, 2, 0, 2, 1)"
4087,"(3, 2, 0, 3, 3, 3)"
4092,"(2, 2, 2, 0, 3, 3)"
4094,"(3, 0, 1, 0, 2, 2)"
